{
   "cell_vectors": [[4.880000,   0.000000,   0.000000], [2.028352,   4.438489,   0.000000], [0.547938,   0.352040,  7.788818]],
   "number_of_magnetic_atoms": 1,
   "positions_of_magnetic_atoms": [[0.00000,   0.00000,  0.00000]],
   "central_atom": 0,
   "orbitals_of_magnetic_atoms":[5],
   "max_sphere_num": 3,
   "exchange_for_specific_atoms": [0, 0, 0, 0],
   "spin": 1,
   "ncol": 1000,
   "nrow": 500,
   "smearing": 0.01,
   "e_low": -9,
   "e_fermi": 3.2188,
   "kmesh": [5, 5, 5]
}

