{
   "cell_vectors": [[4.880000,   0.000000,   0.000000], [2.028352,   4.438489,   0.000000], [0.547938,   0.352040,  7.788818]],
   "number_of_magnetic_atoms": 1,
   "orbitals_of_magnetic_atoms":[5],
   "spin": 1,
   "ncol": 1000,
   "nrow": 500,
   "smearing": 0.01,
   "e_low": -9,
   "e_fermi": 3.2188,
   "kmesh": [5, 5, 5]
   "qmesh": [5, 5, 5]
}

